user_id,event_id,genre,venue_name,visit_date
user_1,08519f6e,Sports,Turner Hall Ballroom,2025-10-13
user_1,20f9f129,Art,Marcus Performing Arts Center,2025-10-07
user_1,1c021398,Sports,Discovery World,2025-09-17
user_1,ff0805a2,Food,Turner Hall Ballroom,2025-09-15
user_1,7a9a3781,Sports,Marcus Performing Arts Center,2025-10-03
user_1,80bcb4c5,Business,Marcus Performing Arts Center,2025-09-28
user_1,1c60cacb,Sports,Lakefront Brewery,2025-10-10
user_2,be737e51,Music,Turner Hall Ballroom,2025-09-17
user_2,071355f4,Tech,Discovery World,2025-09-14
user_2,e7c15735,Sports,Lakefront Brewery,2025-09-15
user_2,9b198537,Family,UWM Campus,2025-09-05
user_2,f479b469,Education,Potawatomi Hotel,2025-09-22
user_2,b2f52bf1,Cultural,UWM Campus,2025-10-19
user_2,7760871d,Sports,Pabst Theater,2025-10-15
user_3,6fa8c417,Art,Milwaukee Art Museum,2025-08-29
user_3,716808de,Education,Discovery World,2025-09-03
user_3,2e714ee1,Family,Milwaukee Art Museum,2025-09-26
user_3,6007e969,Art,Turner Hall Ballroom,2025-10-08
user_3,ac99fb0a,Cultural,Marcus Performing Arts Center,2025-10-01
user_3,ee705854,Music,Turner Hall Ballroom,2025-08-31
user_3,40670d79,Food,Pabst Theater,2025-09-18
user_4,10aea0d9,Music,Fiserv Forum,2025-08-23
user_4,c1dd8af6,Sports,Lakefront Brewery,2025-08-29
user_4,8eb4a213,Cultural,Potawatomi Hotel,2025-09-06
user_4,e7c15735,Sports,Lakefront Brewery,2025-09-15
user_4,0dac795b,Tech,Turner Hall Ballroom,2025-10-06
user_4,11a67b91,Family,Discovery World,2025-10-18
user_4,99dbccc5,Family,Potawatomi Hotel,2025-10-12
user_4,be737e51,Music,Turner Hall Ballroom,2025-09-17
user_4,a1156e96,Music,Discovery World,2025-09-16
user_4,f5cbdaaa,Business,Milwaukee Art Museum,2025-09-19
user_4,3c632920,Food,Bradley Symphony Center,2025-08-29
user_4,c0448ab1,Education,UWM Campus,2025-08-30
user_4,27ff6b60,Music,Lakefront Brewery,2025-09-25
user_4,7a9a3781,Sports,Marcus Performing Arts Center,2025-10-03
user_4,ab0c1e67,Business,Discovery World,2025-10-15
user_5,01771a7d,Sports,Fiserv Forum,2025-08-24
user_5,3ff76ad4,Education,Marcus Performing Arts Center,2025-10-15
user_5,65fe0bc3,Food,Milwaukee Art Museum,2025-08-25
user_5,91e79771,Art,Turner Hall Ballroom,2025-09-28
user_5,ac8fde00,Family,Marcus Performing Arts Center,2025-10-02
user_5,80dbafc3,Food,Lakefront Brewery,2025-09-03
user_5,a6aee4a6,Comedy,Potawatomi Hotel,2025-09-11
user_5,1e60274b,Music,Pabst Theater,2025-10-21
user_5,64266ccb,Art,Bradley Symphony Center,2025-09-26
user_5,0c8464fc,Family,Fiserv Forum,2025-09-19
user_5,d481c772,Business,Discovery World,2025-09-14
user_5,24fd440b,Sports,Fiserv Forum,2025-10-02
user_6,afc47337,Family,Milwaukee Art Museum,2025-08-29
user_6,7c274dc7,Comedy,UWM Campus,2025-10-16
user_6,05d0020e,Comedy,Potawatomi Hotel,2025-08-25
user_6,1271bd2b,Sports,Discovery World,2025-08-28
user_6,104fd71a,Tech,Lakefront Brewery,2025-10-01
user_6,f479b469,Education,Potawatomi Hotel,2025-09-22
user_6,939b4746,Sports,Marcus Performing Arts Center,2025-09-08
user_6,ad89ab63,Family,Marcus Performing Arts Center,2025-08-26
user_6,9140d5b9,Sports,UWM Campus,2025-09-20
user_6,9aab6758,Sports,Bradley Symphony Center,2025-10-14
user_7,9ea7f0e8,Food,UWM Campus,2025-10-03
user_7,f562c5a2,Business,Lakefront Brewery,2025-08-29
user_7,26d32d47,Cultural,Potawatomi Hotel,2025-09-08
user_7,5166d5a9,Comedy,Milwaukee Art Museum,2025-10-20
user_7,1c60cacb,Sports,Lakefront Brewery,2025-10-10
user_7,00245598,Music,Pabst Theater,2025-08-23
user_7,a6aee4a6,Comedy,Potawatomi Hotel,2025-09-11
user_7,939b4746,Sports,Marcus Performing Arts Center,2025-09-08
user_7,e1d7c0a6,Business,Turner Hall Ballroom,2025-10-06
user_7,f5cbdaaa,Business,Milwaukee Art Museum,2025-09-19
user_7,962cae12,Food,Fiserv Forum,2025-09-14
user_7,6007e969,Art,Turner Hall Ballroom,2025-10-08
user_7,8b4e0232,Family,Lakefront Brewery,2025-09-11
user_7,898a2e1f,Family,Bradley Symphony Center,2025-10-09
user_8,955afe1a,Food,Discovery World,2025-10-09
user_8,d22cce37,Food,Potawatomi Hotel,2025-09-10
user_8,412cdfc1,Art,Pabst Theater,2025-09-12
user_8,1c60cacb,Sports,Lakefront Brewery,2025-10-10
user_8,cf120ec3,Education,Potawatomi Hotel,2025-08-29
user_8,526b28d8,Family,Turner Hall Ballroom,2025-10-15
user_8,afc47337,Family,Milwaukee Art Museum,2025-08-29
user_8,0c38527d,Music,Milwaukee Art Museum,2025-10-07
user_9,716808de,Education,Discovery World,2025-09-03
user_9,9bdd3eaa,Comedy,Fiserv Forum,2025-09-02
user_9,0d117d63,Education,UWM Campus,2025-09-01
user_9,978c46b9,Business,Fiserv Forum,2025-09-25
user_9,65fe0bc3,Food,Milwaukee Art Museum,2025-08-25
user_9,0c38527d,Music,Milwaukee Art Museum,2025-10-07
user_9,ee705854,Music,Turner Hall Ballroom,2025-08-31
user_9,a6046adc,Art,Potawatomi Hotel,2025-09-21
user_9,f5cbdaaa,Business,Milwaukee Art Museum,2025-09-19
user_9,e66e2655,Food,Marcus Performing Arts Center,2025-10-18
user_9,869cd58e,Business,Fiserv Forum,2025-09-04
user_9,e6ba51a7,Business,Marcus Performing Arts Center,2025-09-15
user_10,c6672143,Cultural,Bradley Symphony Center,2025-10-01
user_10,64dce38e,Music,Turner Hall Ballroom,2025-10-20
user_10,c1dd8af6,Sports,Lakefront Brewery,2025-08-29
user_10,c3f165df,Family,Turner Hall Ballroom,2025-09-12
user_10,f473d3b9,Tech,Pabst Theater,2025-09-15
user_10,dea4901a,Cultural,Marcus Performing Arts Center,2025-08-24
user_10,61a5e0c4,Business,Marcus Performing Arts Center,2025-09-22
user_10,14aaff82,Education,Potawatomi Hotel,2025-10-09
user_10,d481c772,Business,Discovery World,2025-09-14
user_10,3b1df2f8,Business,Discovery World,2025-09-04
user_10,519ba440,Education,Potawatomi Hotel,2025-09-26
user_10,f31499a2,Art,Pabst Theater,2025-09-03
user_10,40670d79,Food,Pabst Theater,2025-09-18
user_10,ebe60d00,Tech,Lakefront Brewery,2025-09-29
user_11,ba0ed8d2,Music,Potawatomi Hotel,2025-08-27
user_11,d578b69f,Business,Lakefront Brewery,2025-10-09
user_11,f1b47354,Sports,Lakefront Brewery,2025-10-09
user_11,f4b5cdb0,Education,Marcus Performing Arts Center,2025-09-26
user_11,ac8fde00,Family,Marcus Performing Arts Center,2025-10-02
user_11,1e60274b,Music,Pabst Theater,2025-10-21
user_11,2f3cc699,Food,Lakefront Brewery,2025-09-26
user_11,4ddc2ec3,Education,Potawatomi Hotel,2025-09-08
user_11,94c4ab81,Family,Lakefront Brewery,2025-10-17
user_11,e66e2655,Food,Marcus Performing Arts Center,2025-10-18
user_11,104fd71a,Tech,Lakefront Brewery,2025-10-01
user_11,80bcb4c5,Business,Marcus Performing Arts Center,2025-09-28
user_12,dc55157d,Cultural,Fiserv Forum,2025-10-18
user_12,caee1459,Comedy,Pabst Theater,2025-10-03
user_12,bdabe71e,Food,Discovery World,2025-09-15
user_12,42530f35,Cultural,Bradley Symphony Center,2025-10-01
user_12,b3489482,Food,Potawatomi Hotel,2025-10-10
user_12,f54e8018,Cultural,Turner Hall Ballroom,2025-08-31
user_12,085ee4d2,Music,Fiserv Forum,2025-09-07
user_12,1e60274b,Music,Pabst Theater,2025-10-21
user_12,a5611210,Comedy,Pabst Theater,2025-10-15
user_12,955afe1a,Food,Discovery World,2025-10-09
user_12,24fd440b,Sports,Fiserv Forum,2025-10-02
user_13,233ceae0,Sports,Lakefront Brewery,2025-08-31
user_13,642dec19,Education,Turner Hall Ballroom,2025-10-16
user_13,0dac795b,Tech,Turner Hall Ballroom,2025-10-06
user_13,7f74f1d5,Comedy,Lakefront Brewery,2025-08-23
user_13,0ab3d9f5,Art,Marcus Performing Arts Center,2025-08-28
user_13,cf120ec3,Education,Potawatomi Hotel,2025-08-29
user_13,3d640e88,Tech,Pabst Theater,2025-09-11
user_13,da8d46c2,Sports,Potawatomi Hotel,2025-10-01
user_13,d06cafc5,Sports,Fiserv Forum,2025-10-11
user_13,071355f4,Tech,Discovery World,2025-09-14
user_13,c4909261,Cultural,Marcus Performing Arts Center,2025-10-12
user_14,825e2dbf,Art,Discovery World,2025-10-07
user_14,c1dd8af6,Sports,Lakefront Brewery,2025-08-29
user_14,412cdfc1,Art,Pabst Theater,2025-09-12
user_14,8ac1cffe,Music,Potawatomi Hotel,2025-09-05
user_14,fab2269f,Sports,Pabst Theater,2025-09-29
user_14,574a3cb1,Sports,Turner Hall Ballroom,2025-09-04
user_14,a2af0c82,Education,UWM Campus,2025-09-23
user_14,a6aee4a6,Comedy,Potawatomi Hotel,2025-09-11
user_14,7c274dc7,Comedy,UWM Campus,2025-10-16
user_14,bb9d1d7c,Art,Lakefront Brewery,2025-09-26
user_14,1c7c5006,Cultural,UWM Campus,2025-09-06
user_14,cc9795d2,Art,Fiserv Forum,2025-08-30
user_15,898a2e1f,Family,Bradley Symphony Center,2025-10-09
user_15,4ac74a7e,Sports,Discovery World,2025-09-30
user_15,e1d7c0a6,Business,Turner Hall Ballroom,2025-10-06
user_15,8fbe6e1a,Sports,Fiserv Forum,2025-09-29
user_15,1c021398,Sports,Discovery World,2025-09-17
user_15,d01d9e7f,Art,Pabst Theater,2025-08-30
user_15,1e60274b,Music,Pabst Theater,2025-10-21
user_15,64266ccb,Art,Bradley Symphony Center,2025-09-26
user_15,aac63ed9,Family,Fiserv Forum,2025-09-26
user_15,ca9be5c9,Sports,Bradley Symphony Center,2025-09-08
user_15,ef0ea2e6,Food,Fiserv Forum,2025-10-11
user_15,40670d79,Food,Pabst Theater,2025-09-18
user_15,01771a7d,Sports,Fiserv Forum,2025-08-24
user_16,ac8fde00,Family,Marcus Performing Arts Center,2025-10-02
user_16,1e82fb76,Sports,Milwaukee Art Museum,2025-09-24
user_16,8be98ba8,Comedy,Bradley Symphony Center,2025-09-25
user_16,a6aee4a6,Comedy,Potawatomi Hotel,2025-09-11
user_16,0c8464fc,Family,Fiserv Forum,2025-09-19
user_16,cc9795d2,Art,Fiserv Forum,2025-08-30
user_16,869cd58e,Business,Fiserv Forum,2025-09-04
user_16,f562c5a2,Business,Lakefront Brewery,2025-08-29
user_16,bf8f64a4,Sports,Bradley Symphony Center,2025-10-14
user_16,2213d3b2,Music,Fiserv Forum,2025-08-23
user_16,b16a3236,Cultural,Fiserv Forum,2025-10-13
user_16,64266ccb,Art,Bradley Symphony Center,2025-09-26
user_16,05d0020e,Comedy,Potawatomi Hotel,2025-08-25
user_16,c0448ab1,Education,UWM Campus,2025-08-30
user_17,c0448ab1,Education,UWM Campus,2025-08-30
user_17,00245598,Music,Pabst Theater,2025-08-23
user_17,5ee465bb,Sports,Marcus Performing Arts Center,2025-08-30
user_17,f479b469,Education,Potawatomi Hotel,2025-09-22
user_17,14aaff82,Education,Potawatomi Hotel,2025-10-09
user_17,f562c5a2,Business,Lakefront Brewery,2025-08-29
user_17,78a4c132,Food,UWM Campus,2025-09-23
user_17,6c1fadfb,Cultural,Pabst Theater,2025-10-08
user_18,1271bd2b,Sports,Discovery World,2025-08-28
user_18,939b4746,Sports,Marcus Performing Arts Center,2025-09-08
user_18,ebe60d00,Tech,Lakefront Brewery,2025-09-29
user_18,8ac1cffe,Music,Potawatomi Hotel,2025-09-05
user_18,26d32d47,Cultural,Potawatomi Hotel,2025-09-08
user_18,bdabe71e,Food,Discovery World,2025-09-15
user_18,85828a49,Education,Marcus Performing Arts Center,2025-09-25
user_18,a1156e96,Music,Discovery World,2025-09-16
user_18,a5611210,Comedy,Pabst Theater,2025-10-15
user_19,1c021398,Sports,Discovery World,2025-09-17
user_19,825e2dbf,Art,Discovery World,2025-10-07
user_19,7f74f1d5,Comedy,Lakefront Brewery,2025-08-23
user_19,1271bd2b,Sports,Discovery World,2025-08-28
user_19,dc55157d,Cultural,Fiserv Forum,2025-10-18
user_20,d578b69f,Business,Lakefront Brewery,2025-10-09
user_20,a19eddf6,Education,Pabst Theater,2025-09-22
user_20,d04c6a8a,Comedy,Discovery World,2025-10-04
user_20,67592653,Business,Fiserv Forum,2025-10-14
user_20,7760871d,Sports,Pabst Theater,2025-10-15
user_21,233ceae0,Sports,Lakefront Brewery,2025-08-31
user_21,64266ccb,Art,Bradley Symphony Center,2025-09-26
user_21,00245598,Music,Pabst Theater,2025-08-23
user_21,642dec19,Education,Turner Hall Ballroom,2025-10-16
user_21,f4b5cdb0,Education,Marcus Performing Arts Center,2025-09-26
user_21,9b198537,Family,UWM Campus,2025-09-05
user_21,11a67b91,Family,Discovery World,2025-10-18
user_21,e026bf43,Business,Potawatomi Hotel,2025-10-06
user_21,e7c15735,Sports,Lakefront Brewery,2025-09-15
user_22,11a67b91,Family,Discovery World,2025-10-18
user_22,347d6685,Tech,Lakefront Brewery,2025-09-06
user_22,224253bc,Family,Pabst Theater,2025-09-06
user_22,7f74f1d5,Comedy,Lakefront Brewery,2025-08-23
user_22,42530f35,Cultural,Bradley Symphony Center,2025-10-01
user_22,ac99fb0a,Cultural,Marcus Performing Arts Center,2025-10-01
user_22,22f48463,Music,Marcus Performing Arts Center,2025-10-06
user_22,2f3cc699,Food,Lakefront Brewery,2025-09-26
user_22,2e714ee1,Family,Milwaukee Art Museum,2025-09-26
user_22,7a9a3781,Sports,Marcus Performing Arts Center,2025-10-03
user_23,64dce38e,Music,Turner Hall Ballroom,2025-10-20
user_23,f4b5cdb0,Education,Marcus Performing Arts Center,2025-09-26
user_23,9140d5b9,Sports,UWM Campus,2025-09-20
user_23,1ffeea44,Cultural,Pabst Theater,2025-09-21
user_23,62974111,Tech,Fiserv Forum,2025-09-02
user_23,eb2fa07c,Sports,Turner Hall Ballroom,2025-09-19
user_23,fab2269f,Sports,Pabst Theater,2025-09-29
user_23,e15b67f3,Cultural,Milwaukee Art Museum,2025-08-23
user_23,a19eddf6,Education,Pabst Theater,2025-09-22
user_23,0c38527d,Music,Milwaukee Art Museum,2025-10-07
user_23,bf8f64a4,Sports,Bradley Symphony Center,2025-10-14
user_24,02d1a050,Cultural,Discovery World,2025-09-29
user_24,a94ca016,Comedy,Turner Hall Ballroom,2025-09-02
user_24,cc9795d2,Art,Fiserv Forum,2025-08-30
user_24,c3f165df,Family,Turner Hall Ballroom,2025-09-12
user_24,0d348660,Education,UWM Campus,2025-09-01
user_25,9140d5b9,Sports,UWM Campus,2025-09-20
user_25,d578b69f,Business,Lakefront Brewery,2025-10-09
user_25,0dac795b,Tech,Turner Hall Ballroom,2025-10-06
user_25,fab2269f,Sports,Pabst Theater,2025-09-29
user_25,ee705854,Music,Turner Hall Ballroom,2025-08-31
user_25,0c8464fc,Family,Fiserv Forum,2025-09-19
user_25,ddd69f43,Sports,Marcus Performing Arts Center,2025-09-11
user_25,44e4cc3b,Sports,Fiserv Forum,2025-10-11
user_25,be737e51,Music,Turner Hall Ballroom,2025-09-17
user_25,1e60274b,Music,Pabst Theater,2025-10-21
user_25,412cdfc1,Art,Pabst Theater,2025-09-12
user_26,2325bad0,Tech,Pabst Theater,2025-10-20
user_26,a94ca016,Comedy,Turner Hall Ballroom,2025-09-02
user_26,e026bf43,Business,Potawatomi Hotel,2025-10-06
user_26,f473d3b9,Tech,Pabst Theater,2025-09-15
user_26,22feb9b5,Education,Marcus Performing Arts Center,2025-09-15
user_26,24fd440b,Sports,Fiserv Forum,2025-10-02
user_26,071355f4,Tech,Discovery World,2025-09-14
user_26,00245598,Music,Pabst Theater,2025-08-23
user_26,44e4cc3b,Sports,Fiserv Forum,2025-10-11
user_26,cf120ec3,Education,Potawatomi Hotel,2025-08-29
user_26,978c46b9,Business,Fiserv Forum,2025-09-25
user_26,66e4e7a5,Cultural,Fiserv Forum,2025-10-14
user_27,62974111,Tech,Fiserv Forum,2025-09-02
user_27,f8e9285b,Comedy,Lakefront Brewery,2025-08-26
user_27,a6928e61,Comedy,Bradley Symphony Center,2025-10-06
user_27,8669ff81,Cultural,Fiserv Forum,2025-09-29
user_27,5166d5a9,Comedy,Milwaukee Art Museum,2025-10-20
user_27,64dce38e,Music,Turner Hall Ballroom,2025-10-20
user_27,d22cce37,Food,Potawatomi Hotel,2025-09-10
user_28,67592653,Business,Fiserv Forum,2025-10-14
user_28,1c021398,Sports,Discovery World,2025-09-17
user_28,8669ff81,Cultural,Fiserv Forum,2025-09-29
user_28,ac99fb0a,Cultural,Marcus Performing Arts Center,2025-10-01
user_28,c4909261,Cultural,Marcus Performing Arts Center,2025-10-12
user_28,9bdd3eaa,Comedy,Fiserv Forum,2025-09-02
user_28,1e82fb76,Sports,Milwaukee Art Museum,2025-09-24
user_28,9b198537,Family,UWM Campus,2025-09-05
user_28,be301a46,Business,Turner Hall Ballroom,2025-09-12
user_28,5d3d053d,Tech,Marcus Performing Arts Center,2025-10-14
user_29,ccee7a29,Cultural,Bradley Symphony Center,2025-10-06
user_29,beb7a8dc,Sports,Milwaukee Art Museum,2025-09-11
user_29,1e60274b,Music,Pabst Theater,2025-10-21
user_29,b2f52bf1,Cultural,UWM Campus,2025-10-19
user_29,e15b67f3,Cultural,Milwaukee Art Museum,2025-08-23
user_29,65fe0bc3,Food,Milwaukee Art Museum,2025-08-25
user_29,1271bd2b,Sports,Discovery World,2025-08-28
user_30,7f74f1d5,Comedy,Lakefront Brewery,2025-08-23
user_30,f31499a2,Art,Pabst Theater,2025-09-03
user_30,64266ccb,Art,Bradley Symphony Center,2025-09-26
user_30,233ceae0,Sports,Lakefront Brewery,2025-08-31
user_30,0c38527d,Music,Milwaukee Art Museum,2025-10-07
user_30,3a3765a0,Music,Lakefront Brewery,2025-09-10
user_30,b2f52bf1,Cultural,UWM Campus,2025-10-19
user_31,d06cafc5,Sports,Fiserv Forum,2025-10-11
user_31,a927e590,Comedy,Turner Hall Ballroom,2025-10-08
user_31,8ac1cffe,Music,Potawatomi Hotel,2025-09-05
user_31,cf120ec3,Education,Potawatomi Hotel,2025-08-29
user_31,8be98ba8,Comedy,Bradley Symphony Center,2025-09-25
user_31,e6ba51a7,Business,Marcus Performing Arts Center,2025-09-15
user_31,be301a46,Business,Turner Hall Ballroom,2025-09-12
user_32,b3489482,Food,Potawatomi Hotel,2025-10-10
user_32,5166d5a9,Comedy,Milwaukee Art Museum,2025-10-20
user_32,9aab6758,Sports,Bradley Symphony Center,2025-10-14
user_32,a1156e96,Music,Discovery World,2025-09-16
user_32,27ff6b60,Music,Lakefront Brewery,2025-09-25
user_32,1c7c5006,Cultural,UWM Campus,2025-09-06
user_32,6fa8c417,Art,Milwaukee Art Museum,2025-08-29
user_32,f5cbdaaa,Business,Milwaukee Art Museum,2025-09-19
user_32,347d6685,Tech,Lakefront Brewery,2025-09-06
user_32,a918a207,Education,Turner Hall Ballroom,2025-09-21
user_32,0d348660,Education,UWM Campus,2025-09-01
user_32,ebe60d00,Tech,Lakefront Brewery,2025-09-29
user_32,0b51de8f,Education,Bradley Symphony Center,2025-08-28
user_32,f54db50f,Music,UWM Campus,2025-10-17
user_32,ff0805a2,Food,Turner Hall Ballroom,2025-09-15
user_33,ac99fb0a,Cultural,Marcus Performing Arts Center,2025-10-01
user_33,26d32d47,Cultural,Potawatomi Hotel,2025-09-08
user_33,f4b5cdb0,Education,Marcus Performing Arts Center,2025-09-26
user_33,8be98ba8,Comedy,Bradley Symphony Center,2025-09-25
user_33,104fd71a,Tech,Lakefront Brewery,2025-10-01
user_33,c0448ab1,Education,UWM Campus,2025-08-30
user_33,cc9795d2,Art,Fiserv Forum,2025-08-30
user_33,7f74f1d5,Comedy,Lakefront Brewery,2025-08-23
user_33,c3f165df,Family,Turner Hall Ballroom,2025-09-12
user_33,a927e590,Comedy,Turner Hall Ballroom,2025-10-08
user_33,a5611210,Comedy,Pabst Theater,2025-10-15
user_33,a94ca016,Comedy,Turner Hall Ballroom,2025-09-02
user_34,3a3765a0,Music,Lakefront Brewery,2025-09-10
user_34,a1156e96,Music,Discovery World,2025-09-16
user_34,6007e969,Art,Turner Hall Ballroom,2025-10-08
user_34,9ea7f0e8,Food,UWM Campus,2025-10-03
user_34,27ff6b60,Music,Lakefront Brewery,2025-09-25
user_34,bf6e25f1,Sports,Potawatomi Hotel,2025-09-25
user_35,b80a50fd,Cultural,Milwaukee Art Museum,2025-09-07
user_35,78a4c132,Food,UWM Campus,2025-09-23
user_35,4ac74a7e,Sports,Discovery World,2025-09-30
user_35,f1b47354,Sports,Lakefront Brewery,2025-10-09
user_35,d04c6a8a,Comedy,Discovery World,2025-10-04
user_35,267fa7dc,Comedy,Pabst Theater,2025-09-27
user_35,05d0020e,Comedy,Potawatomi Hotel,2025-08-25
user_35,8ac1cffe,Music,Potawatomi Hotel,2025-09-05
user_35,ebe60d00,Tech,Lakefront Brewery,2025-09-29
user_35,dea4901a,Cultural,Marcus Performing Arts Center,2025-08-24
user_36,14aaff82,Education,Potawatomi Hotel,2025-10-09
user_36,bf6e25f1,Sports,Potawatomi Hotel,2025-09-25
user_36,642dec19,Education,Turner Hall Ballroom,2025-10-16
user_36,10aea0d9,Music,Fiserv Forum,2025-08-23
user_36,826478fb,Sports,Marcus Performing Arts Center,2025-09-24
user_36,9aab6758,Sports,Bradley Symphony Center,2025-10-14
user_36,f31499a2,Art,Pabst Theater,2025-09-03
user_36,b3489482,Food,Potawatomi Hotel,2025-10-10
user_36,1e60274b,Music,Pabst Theater,2025-10-21
user_37,1c021398,Sports,Discovery World,2025-09-17
user_37,a6046adc,Art,Potawatomi Hotel,2025-09-21
user_37,7f74f1d5,Comedy,Lakefront Brewery,2025-08-23
user_37,ca9be5c9,Sports,Bradley Symphony Center,2025-09-08
user_37,1271bd2b,Sports,Discovery World,2025-08-28
user_37,0c8464fc,Family,Fiserv Forum,2025-09-19
user_37,3ff76ad4,Education,Marcus Performing Arts Center,2025-10-15
user_37,962cae12,Food,Fiserv Forum,2025-09-14
user_37,519ba440,Education,Potawatomi Hotel,2025-09-26
user_37,4bdc4fc5,Music,Milwaukee Art Museum,2025-09-20
user_38,beb7a8dc,Sports,Milwaukee Art Museum,2025-09-11
user_38,64dce38e,Music,Turner Hall Ballroom,2025-10-20
user_38,d481c772,Business,Discovery World,2025-09-14
user_38,ff0805a2,Food,Turner Hall Ballroom,2025-09-15
user_38,40670d79,Food,Pabst Theater,2025-09-18
user_38,c1dd8af6,Sports,Lakefront Brewery,2025-08-29
user_38,d04c6a8a,Comedy,Discovery World,2025-10-04
user_38,ebe60d00,Tech,Lakefront Brewery,2025-09-29
user_38,27ff6b60,Music,Lakefront Brewery,2025-09-25
user_38,20f9f129,Art,Marcus Performing Arts Center,2025-10-07
user_38,085ee4d2,Music,Fiserv Forum,2025-09-07
user_38,0d117d63,Education,UWM Campus,2025-09-01
user_38,85828a49,Education,Marcus Performing Arts Center,2025-09-25
user_38,8669ff81,Cultural,Fiserv Forum,2025-09-29
user_38,574a3cb1,Sports,Turner Hall Ballroom,2025-09-04
user_39,898a2e1f,Family,Bradley Symphony Center,2025-10-09
user_39,825e2dbf,Art,Discovery World,2025-10-07
user_39,22f48463,Music,Marcus Performing Arts Center,2025-10-06
user_39,6c1fadfb,Cultural,Pabst Theater,2025-10-08
user_39,2cb375bf,Sports,Marcus Performing Arts Center,2025-10-12
user_39,267fa7dc,Comedy,Pabst Theater,2025-09-27
user_39,d06cafc5,Sports,Fiserv Forum,2025-10-11
user_39,071355f4,Tech,Discovery World,2025-09-14
user_39,7a9a3781,Sports,Marcus Performing Arts Center,2025-10-03
user_39,99dbccc5,Family,Potawatomi Hotel,2025-10-12
user_39,a927e590,Comedy,Turner Hall Ballroom,2025-10-08
user_39,c3f165df,Family,Turner Hall Ballroom,2025-09-12
user_40,a94ca016,Comedy,Turner Hall Ballroom,2025-09-02
user_40,6fa8c417,Art,Milwaukee Art Museum,2025-08-29
user_40,1e82fb76,Sports,Milwaukee Art Museum,2025-09-24
user_40,05223a26,Cultural,Lakefront Brewery,2025-10-10
user_40,22f48463,Music,Marcus Performing Arts Center,2025-10-06
user_41,fab2269f,Sports,Pabst Theater,2025-09-29
user_41,be301a46,Business,Turner Hall Ballroom,2025-09-12
user_41,ac99fb0a,Cultural,Marcus Performing Arts Center,2025-10-01
user_41,9451ca8d,Art,Pabst Theater,2025-09-12
user_41,9140d5b9,Sports,UWM Campus,2025-09-20
user_41,c0448ab1,Education,UWM Campus,2025-08-30
user_41,7f74f1d5,Comedy,Lakefront Brewery,2025-08-23
user_41,d481c772,Business,Discovery World,2025-09-14
user_41,6224645c,Education,Turner Hall Ballroom,2025-09-07
user_42,b16a3236,Cultural,Fiserv Forum,2025-10-13
user_42,26d32d47,Cultural,Potawatomi Hotel,2025-09-08
user_42,64266ccb,Art,Bradley Symphony Center,2025-09-26
user_42,093e51c0,Education,UWM Campus,2025-09-05
user_42,1e60274b,Music,Pabst Theater,2025-10-21
user_42,8be98ba8,Comedy,Bradley Symphony Center,2025-09-25
user_42,898a2e1f,Family,Bradley Symphony Center,2025-10-09
user_42,7c274dc7,Comedy,UWM Campus,2025-10-16
user_42,a94ca016,Comedy,Turner Hall Ballroom,2025-09-02
user_42,61a5e0c4,Business,Marcus Performing Arts Center,2025-09-22
user_42,f54db50f,Music,UWM Campus,2025-10-17
user_42,071355f4,Tech,Discovery World,2025-09-14
user_42,ebe60d00,Tech,Lakefront Brewery,2025-09-29
user_43,7173b7b8,Food,Potawatomi Hotel,2025-10-12
user_43,17887053,Music,Potawatomi Hotel,2025-09-09
user_43,dc55157d,Cultural,Fiserv Forum,2025-10-18
user_43,6c1fadfb,Cultural,Pabst Theater,2025-10-08
user_43,d156fe41,Comedy,Marcus Performing Arts Center,2025-10-09
user_43,c4909261,Cultural,Marcus Performing Arts Center,2025-10-12
user_44,b2f52bf1,Cultural,UWM Campus,2025-10-19
user_44,02d1a050,Cultural,Discovery World,2025-09-29
user_44,f8e9285b,Comedy,Lakefront Brewery,2025-08-26
user_44,825e2dbf,Art,Discovery World,2025-10-07
user_44,642dec19,Education,Turner Hall Ballroom,2025-10-16
user_44,c4909261,Cultural,Marcus Performing Arts Center,2025-10-12
user_44,e7c15735,Sports,Lakefront Brewery,2025-09-15
user_44,dea4901a,Cultural,Marcus Performing Arts Center,2025-08-24
user_44,bdabe71e,Food,Discovery World,2025-09-15
user_44,01771a7d,Sports,Fiserv Forum,2025-08-24
user_44,64dce38e,Music,Turner Hall Ballroom,2025-10-20
user_44,17887053,Music,Potawatomi Hotel,2025-09-09
user_44,a927e590,Comedy,Turner Hall Ballroom,2025-10-08
user_44,519ba440,Education,Potawatomi Hotel,2025-09-26
user_45,0d348660,Education,UWM Campus,2025-09-01
user_45,eb2fa07c,Sports,Turner Hall Ballroom,2025-09-19
user_45,f54e8018,Cultural,Turner Hall Ballroom,2025-08-31
user_45,5d3d053d,Tech,Marcus Performing Arts Center,2025-10-14
user_45,40670d79,Food,Pabst Theater,2025-09-18
user_45,10aea0d9,Music,Fiserv Forum,2025-08-23
user_45,dea4901a,Cultural,Marcus Performing Arts Center,2025-08-24
user_45,0d117d63,Education,UWM Campus,2025-09-01
user_45,caee1459,Comedy,Pabst Theater,2025-10-03
user_45,bf8f64a4,Sports,Bradley Symphony Center,2025-10-14
user_45,6007e969,Art,Turner Hall Ballroom,2025-10-08
user_45,7173b7b8,Food,Potawatomi Hotel,2025-10-12
user_45,44e4cc3b,Sports,Fiserv Forum,2025-10-11
user_45,afc47337,Family,Milwaukee Art Museum,2025-08-29
user_46,f31499a2,Art,Pabst Theater,2025-09-03
user_46,20f9f129,Art,Marcus Performing Arts Center,2025-10-07
user_46,6c1fadfb,Cultural,Pabst Theater,2025-10-08
user_46,bf6e25f1,Sports,Potawatomi Hotel,2025-09-25
user_46,642dec19,Education,Turner Hall Ballroom,2025-10-16
user_46,d481c772,Business,Discovery World,2025-09-14
user_46,80dbafc3,Food,Lakefront Brewery,2025-09-03
user_46,caee1459,Comedy,Pabst Theater,2025-10-03
user_46,962cae12,Food,Fiserv Forum,2025-09-14
user_46,aac63ed9,Family,Fiserv Forum,2025-09-26
user_46,ca9be5c9,Sports,Bradley Symphony Center,2025-09-08
user_46,10aea0d9,Music,Fiserv Forum,2025-08-23
user_46,939b4746,Sports,Marcus Performing Arts Center,2025-09-08
user_46,1ffeea44,Cultural,Pabst Theater,2025-09-21
user_46,cf120ec3,Education,Potawatomi Hotel,2025-08-29
user_47,4a13235e,Sports,Discovery World,2025-09-09
user_47,85828a49,Education,Marcus Performing Arts Center,2025-09-25
user_47,e7c15735,Sports,Lakefront Brewery,2025-09-15
user_47,898a2e1f,Family,Bradley Symphony Center,2025-10-09
user_47,d22cce37,Food,Potawatomi Hotel,2025-09-10
user_47,be737e51,Music,Turner Hall Ballroom,2025-09-17
user_47,62974111,Tech,Fiserv Forum,2025-09-02
user_48,5166d5a9,Comedy,Milwaukee Art Museum,2025-10-20
user_48,a8786bb1,Cultural,Discovery World,2025-10-16
user_48,05d0020e,Comedy,Potawatomi Hotel,2025-08-25
user_48,e66e2655,Food,Marcus Performing Arts Center,2025-10-18
user_48,4bdc4fc5,Music,Milwaukee Art Museum,2025-09-20
user_48,104fd71a,Tech,Lakefront Brewery,2025-10-01
user_48,7760871d,Sports,Pabst Theater,2025-10-15
user_48,1271bd2b,Sports,Discovery World,2025-08-28
user_48,642dec19,Education,Turner Hall Ballroom,2025-10-16
user_49,071355f4,Tech,Discovery World,2025-09-14
user_49,8669ff81,Cultural,Fiserv Forum,2025-09-29
user_49,5d3d053d,Tech,Marcus Performing Arts Center,2025-10-14
user_49,f1b47354,Sports,Lakefront Brewery,2025-10-09
user_49,ac8fde00,Family,Marcus Performing Arts Center,2025-10-02
user_49,8be98ba8,Comedy,Bradley Symphony Center,2025-09-25
user_49,d22cce37,Food,Potawatomi Hotel,2025-09-10
user_49,1c021398,Sports,Discovery World,2025-09-17
user_49,0d117d63,Education,UWM Campus,2025-09-01
user_49,939b4746,Sports,Marcus Performing Arts Center,2025-09-08
user_49,afc47337,Family,Milwaukee Art Museum,2025-08-29
user_50,bdabe71e,Food,Discovery World,2025-09-15
user_50,7173b7b8,Food,Potawatomi Hotel,2025-10-12
user_50,5ee465bb,Sports,Marcus Performing Arts Center,2025-08-30
user_50,beb7a8dc,Sports,Milwaukee Art Museum,2025-09-11
user_50,d156fe41,Comedy,Marcus Performing Arts Center,2025-10-09
user_50,e15b67f3,Cultural,Milwaukee Art Museum,2025-08-23
user_50,afc47337,Family,Milwaukee Art Museum,2025-08-29
user_50,c0448ab1,Education,UWM Campus,2025-08-30
user_50,40670d79,Food,Pabst Theater,2025-09-18
user_51,aac63ed9,Family,Fiserv Forum,2025-09-26
user_51,40670d79,Food,Pabst Theater,2025-09-18
user_51,be737e51,Music,Turner Hall Ballroom,2025-09-17
user_51,093e51c0,Education,UWM Campus,2025-09-05
user_51,8ac1cffe,Music,Potawatomi Hotel,2025-09-05
user_52,a918a207,Education,Turner Hall Ballroom,2025-09-21
user_52,eb2fa07c,Sports,Turner Hall Ballroom,2025-09-19
user_52,f562c5a2,Business,Lakefront Brewery,2025-08-29
user_52,a94ca016,Comedy,Turner Hall Ballroom,2025-09-02
user_52,81bd7bc2,Cultural,Marcus Performing Arts Center,2025-10-11
user_52,afc47337,Family,Milwaukee Art Museum,2025-08-29
user_52,d04c6a8a,Comedy,Discovery World,2025-10-04
user_52,22feb9b5,Education,Marcus Performing Arts Center,2025-09-15
user_52,ee705854,Music,Turner Hall Ballroom,2025-08-31
user_52,cf120ec3,Education,Potawatomi Hotel,2025-08-29
user_52,85828a49,Education,Marcus Performing Arts Center,2025-09-25
user_53,a918a207,Education,Turner Hall Ballroom,2025-09-21
user_53,9451ca8d,Art,Pabst Theater,2025-09-12
user_53,d04c6a8a,Comedy,Discovery World,2025-10-04
user_53,da8d46c2,Sports,Potawatomi Hotel,2025-10-01
user_53,f31499a2,Art,Pabst Theater,2025-09-03
user_53,0c38527d,Music,Milwaukee Art Museum,2025-10-07
user_53,4ddc2ec3,Education,Potawatomi Hotel,2025-09-08
user_53,9bdd3eaa,Comedy,Fiserv Forum,2025-09-02
user_53,f473d3b9,Tech,Pabst Theater,2025-09-15
user_53,939b4746,Sports,Marcus Performing Arts Center,2025-09-08
user_53,5ee465bb,Sports,Marcus Performing Arts Center,2025-08-30
user_53,ac8fde00,Family,Marcus Performing Arts Center,2025-10-02
user_53,ab0c1e67,Business,Discovery World,2025-10-15
user_54,3ff76ad4,Education,Marcus Performing Arts Center,2025-10-15
user_54,01771a7d,Sports,Fiserv Forum,2025-08-24
user_54,3a19c35a,Family,Pabst Theater,2025-10-02
user_54,6c1fadfb,Cultural,Pabst Theater,2025-10-08
user_54,7760871d,Sports,Pabst Theater,2025-10-15
user_54,05223a26,Cultural,Lakefront Brewery,2025-10-10
user_54,9b198537,Family,UWM Campus,2025-09-05
user_54,4ac74a7e,Sports,Discovery World,2025-09-30
user_54,24fd440b,Sports,Fiserv Forum,2025-10-02
user_54,ada459a8,Education,Discovery World,2025-09-12
user_54,d156fe41,Comedy,Marcus Performing Arts Center,2025-10-09
user_54,27ff6b60,Music,Lakefront Brewery,2025-09-25
user_54,2e714ee1,Family,Milwaukee Art Museum,2025-09-26
user_54,42530f35,Cultural,Bradley Symphony Center,2025-10-01
user_55,beb7a8dc,Sports,Milwaukee Art Museum,2025-09-11
user_55,7c274dc7,Comedy,UWM Campus,2025-10-16
user_55,b2f52bf1,Cultural,UWM Campus,2025-10-19
user_55,233ceae0,Sports,Lakefront Brewery,2025-08-31
user_55,f562c5a2,Business,Lakefront Brewery,2025-08-29
user_55,a927e590,Comedy,Turner Hall Ballroom,2025-10-08
user_55,c0448ab1,Education,UWM Campus,2025-08-30
user_56,9f14c25b,Business,Pabst Theater,2025-10-17
user_56,ac99fb0a,Cultural,Marcus Performing Arts Center,2025-10-01
user_56,0b51de8f,Education,Bradley Symphony Center,2025-08-28
user_56,962cae12,Food,Fiserv Forum,2025-09-14
user_56,d481c772,Business,Discovery World,2025-09-14
user_56,dc55157d,Cultural,Fiserv Forum,2025-10-18
user_56,d01d9e7f,Art,Pabst Theater,2025-08-30
user_56,91e79771,Art,Turner Hall Ballroom,2025-09-28
user_56,65fe0bc3,Food,Milwaukee Art Museum,2025-08-25
user_56,6224645c,Education,Turner Hall Ballroom,2025-09-07
user_56,ff0805a2,Food,Turner Hall Ballroom,2025-09-15
user_56,81bd7bc2,Cultural,Marcus Performing Arts Center,2025-10-11
user_56,f54db50f,Music,UWM Campus,2025-10-17
user_56,be737e51,Music,Turner Hall Ballroom,2025-09-17
user_57,cc9795d2,Art,Fiserv Forum,2025-08-30
user_57,5ee465bb,Sports,Marcus Performing Arts Center,2025-08-30
user_57,c0448ab1,Education,UWM Campus,2025-08-30
user_57,8669ff81,Cultural,Fiserv Forum,2025-09-29
user_57,1e60274b,Music,Pabst Theater,2025-10-21
user_57,6e1a10c0,Tech,Milwaukee Art Museum,2025-09-07
user_57,a6aee4a6,Comedy,Potawatomi Hotel,2025-09-11
user_57,8eb4a213,Cultural,Potawatomi Hotel,2025-09-06
user_57,d22cce37,Food,Potawatomi Hotel,2025-09-10
user_57,093e51c0,Education,UWM Campus,2025-09-05
user_57,beb7a8dc,Sports,Milwaukee Art Museum,2025-09-11
user_57,8ac1cffe,Music,Potawatomi Hotel,2025-09-05
user_57,1c60cacb,Sports,Lakefront Brewery,2025-10-10
user_58,00245598,Music,Pabst Theater,2025-08-23
user_58,0d117d63,Education,UWM Campus,2025-09-01
user_58,ccee7a29,Cultural,Bradley Symphony Center,2025-10-06
user_58,85828a49,Education,Marcus Performing Arts Center,2025-09-25
user_58,4ac74a7e,Sports,Discovery World,2025-09-30
user_58,1c021398,Sports,Discovery World,2025-09-17
user_58,a6aee4a6,Comedy,Potawatomi Hotel,2025-09-11
user_58,99dbccc5,Family,Potawatomi Hotel,2025-10-12
user_58,4ddc2ec3,Education,Potawatomi Hotel,2025-09-08
user_58,412cdfc1,Art,Pabst Theater,2025-09-12
user_59,233ceae0,Sports,Lakefront Brewery,2025-08-31
user_59,2e714ee1,Family,Milwaukee Art Museum,2025-09-26
user_59,22feb9b5,Education,Marcus Performing Arts Center,2025-09-15
user_59,a927e590,Comedy,Turner Hall Ballroom,2025-10-08
user_59,104fd71a,Tech,Lakefront Brewery,2025-10-01
user_60,0c38527d,Music,Milwaukee Art Museum,2025-10-07
user_60,939b4746,Sports,Marcus Performing Arts Center,2025-09-08
user_60,0d117d63,Education,UWM Campus,2025-09-01
user_60,3d640e88,Tech,Pabst Theater,2025-09-11
user_60,f479b469,Education,Potawatomi Hotel,2025-09-22
user_60,4a13235e,Sports,Discovery World,2025-09-09
user_60,be737e51,Music,Turner Hall Ballroom,2025-09-17
user_60,ab0c1e67,Business,Discovery World,2025-10-15
user_60,aac63ed9,Family,Fiserv Forum,2025-09-26
user_60,6224645c,Education,Turner Hall Ballroom,2025-09-07
user_61,085ee4d2,Music,Fiserv Forum,2025-09-07
user_61,ff0805a2,Food,Turner Hall Ballroom,2025-09-15
user_61,ac99fb0a,Cultural,Marcus Performing Arts Center,2025-10-01
user_61,b16a3236,Cultural,Fiserv Forum,2025-10-13
user_61,f562c5a2,Business,Lakefront Brewery,2025-08-29
user_61,e15b67f3,Cultural,Milwaukee Art Museum,2025-08-23
user_61,64dce38e,Music,Turner Hall Ballroom,2025-10-20
user_61,65fe0bc3,Food,Milwaukee Art Museum,2025-08-25
user_61,6e1a10c0,Tech,Milwaukee Art Museum,2025-09-07
user_61,44e4cc3b,Sports,Fiserv Forum,2025-10-11
user_61,aac63ed9,Family,Fiserv Forum,2025-09-26
user_62,05d0020e,Comedy,Potawatomi Hotel,2025-08-25
user_62,8b4e0232,Family,Lakefront Brewery,2025-09-11
user_62,64dce38e,Music,Turner Hall Ballroom,2025-10-20
user_62,62974111,Tech,Fiserv Forum,2025-09-02
user_62,2f3cc699,Food,Lakefront Brewery,2025-09-26
user_62,a927e590,Comedy,Turner Hall Ballroom,2025-10-08
user_63,519ba440,Education,Potawatomi Hotel,2025-09-26
user_63,e026bf43,Business,Potawatomi Hotel,2025-10-06
user_63,8eb4a213,Cultural,Potawatomi Hotel,2025-09-06
user_63,574a3cb1,Sports,Turner Hall Ballroom,2025-09-04
user_63,f479b469,Education,Potawatomi Hotel,2025-09-22
user_63,67592653,Business,Fiserv Forum,2025-10-14
user_63,347d6685,Tech,Lakefront Brewery,2025-09-06
user_63,3a3765a0,Music,Lakefront Brewery,2025-09-10
user_63,f473d3b9,Tech,Pabst Theater,2025-09-15
user_63,17887053,Music,Potawatomi Hotel,2025-09-09
user_63,4ddc2ec3,Education,Potawatomi Hotel,2025-09-08
user_64,104fd71a,Tech,Lakefront Brewery,2025-10-01
user_64,9140d5b9,Sports,UWM Campus,2025-09-20
user_64,44e4cc3b,Sports,Fiserv Forum,2025-10-11
user_64,0c8464fc,Family,Fiserv Forum,2025-09-19
user_64,fab2269f,Sports,Pabst Theater,2025-09-29
user_64,3c632920,Food,Bradley Symphony Center,2025-08-29
user_64,a19eddf6,Education,Pabst Theater,2025-09-22
user_64,64dce38e,Music,Turner Hall Ballroom,2025-10-20
user_64,412cdfc1,Art,Pabst Theater,2025-09-12
user_64,cf120ec3,Education,Potawatomi Hotel,2025-08-29
user_65,42530f35,Cultural,Bradley Symphony Center,2025-10-01
user_65,2e714ee1,Family,Milwaukee Art Museum,2025-09-26
user_65,d04c6a8a,Comedy,Discovery World,2025-10-04
user_65,0c8464fc,Family,Fiserv Forum,2025-09-19
user_65,0889bd88,Comedy,Pabst Theater,2025-10-01
user_65,347d6685,Tech,Lakefront Brewery,2025-09-06
user_65,20f9f129,Art,Marcus Performing Arts Center,2025-10-07
user_65,99dbccc5,Family,Potawatomi Hotel,2025-10-12
user_65,962cae12,Food,Fiserv Forum,2025-09-14
user_65,91e79771,Art,Turner Hall Ballroom,2025-09-28
user_65,9b198537,Family,UWM Campus,2025-09-05
user_65,716808de,Education,Discovery World,2025-09-03
user_65,4a13235e,Sports,Discovery World,2025-09-09
user_65,9140d5b9,Sports,UWM Campus,2025-09-20
user_65,ee705854,Music,Turner Hall Ballroom,2025-08-31
user_66,b16a3236,Cultural,Fiserv Forum,2025-10-13
user_66,f1b47354,Sports,Lakefront Brewery,2025-10-09
user_66,a1156e96,Music,Discovery World,2025-09-16
user_66,c1dd8af6,Sports,Lakefront Brewery,2025-08-29
user_66,6e1a10c0,Tech,Milwaukee Art Museum,2025-09-07
user_66,ccee7a29,Cultural,Bradley Symphony Center,2025-10-06
user_66,ff0805a2,Food,Turner Hall Ballroom,2025-09-15
user_66,3a3765a0,Music,Lakefront Brewery,2025-09-10
user_66,e7c15735,Sports,Lakefront Brewery,2025-09-15
user_66,11a67b91,Family,Discovery World,2025-10-18
user_66,22f48463,Music,Marcus Performing Arts Center,2025-10-06
user_66,42530f35,Cultural,Bradley Symphony Center,2025-10-01
user_66,104fd71a,Tech,Lakefront Brewery,2025-10-01
user_67,a6046adc,Art,Potawatomi Hotel,2025-09-21
user_67,898a2e1f,Family,Bradley Symphony Center,2025-10-09
user_67,d01d9e7f,Art,Pabst Theater,2025-08-30
user_67,9f14c25b,Business,Pabst Theater,2025-10-17
user_67,3ff76ad4,Education,Marcus Performing Arts Center,2025-10-15
user_67,64dce38e,Music,Turner Hall Ballroom,2025-10-20
user_67,1e82fb76,Sports,Milwaukee Art Museum,2025-09-24
user_67,ebe60d00,Tech,Lakefront Brewery,2025-09-29
user_67,b41b5c31,Education,Marcus Performing Arts Center,2025-09-05
user_67,e15b67f3,Cultural,Milwaukee Art Museum,2025-08-23
user_67,f479b469,Education,Potawatomi Hotel,2025-09-22
user_67,aac63ed9,Family,Fiserv Forum,2025-09-26
user_68,42530f35,Cultural,Bradley Symphony Center,2025-10-01
user_68,f54e8018,Cultural,Turner Hall Ballroom,2025-08-31
user_68,7760871d,Sports,Pabst Theater,2025-10-15
user_68,5af28a48,Education,Fiserv Forum,2025-09-12
user_68,2f3cc699,Food,Lakefront Brewery,2025-09-26
user_68,c1dd8af6,Sports,Lakefront Brewery,2025-08-29
user_68,d01d9e7f,Art,Pabst Theater,2025-08-30
user_68,f31499a2,Art,Pabst Theater,2025-09-03
user_68,8669ff81,Cultural,Fiserv Forum,2025-09-29
user_68,8eb4a213,Cultural,Potawatomi Hotel,2025-09-06
user_68,826478fb,Sports,Marcus Performing Arts Center,2025-09-24
user_68,071355f4,Tech,Discovery World,2025-09-14
user_68,a5611210,Comedy,Pabst Theater,2025-10-15
user_68,f8e9285b,Comedy,Lakefront Brewery,2025-08-26
user_69,80dbafc3,Food,Lakefront Brewery,2025-09-03
user_69,5166d5a9,Comedy,Milwaukee Art Museum,2025-10-20
user_69,104fd71a,Tech,Lakefront Brewery,2025-10-01
user_69,a19eddf6,Education,Pabst Theater,2025-09-22
user_69,f562c5a2,Business,Lakefront Brewery,2025-08-29
user_69,10aea0d9,Music,Fiserv Forum,2025-08-23
user_69,7c274dc7,Comedy,UWM Campus,2025-10-16
user_70,c3f165df,Family,Turner Hall Ballroom,2025-09-12
user_70,dc55157d,Cultural,Fiserv Forum,2025-10-18
user_70,9f14c25b,Business,Pabst Theater,2025-10-17
user_70,ad89ab63,Family,Marcus Performing Arts Center,2025-08-26
user_70,bdabe71e,Food,Discovery World,2025-09-15
user_70,80bcb4c5,Business,Marcus Performing Arts Center,2025-09-28
user_70,13457cdb,Art,Fiserv Forum,2025-08-28
user_71,05223a26,Cultural,Lakefront Brewery,2025-10-10
user_71,44e4cc3b,Sports,Fiserv Forum,2025-10-11
user_71,e1d7c0a6,Business,Turner Hall Ballroom,2025-10-06
user_71,ada459a8,Education,Discovery World,2025-09-12
user_71,f5cbdaaa,Business,Milwaukee Art Museum,2025-09-19
user_71,e7c15735,Sports,Lakefront Brewery,2025-09-15
user_71,91e79771,Art,Turner Hall Ballroom,2025-09-28
user_71,ac8fde00,Family,Marcus Performing Arts Center,2025-10-02
user_71,01771a7d,Sports,Fiserv Forum,2025-08-24
user_71,f31499a2,Art,Pabst Theater,2025-09-03
user_71,d04c6a8a,Comedy,Discovery World,2025-10-04
user_71,962cae12,Food,Fiserv Forum,2025-09-14
user_72,1e60274b,Music,Pabst Theater,2025-10-21
user_72,f5cbdaaa,Business,Milwaukee Art Museum,2025-09-19
user_72,7c69d834,Music,UWM Campus,2025-08-28
user_72,10aea0d9,Music,Fiserv Forum,2025-08-23
user_72,13457cdb,Art,Fiserv Forum,2025-08-28
user_73,2e714ee1,Family,Milwaukee Art Museum,2025-09-26
user_73,99dbccc5,Family,Potawatomi Hotel,2025-10-12
user_73,ddd69f43,Sports,Marcus Performing Arts Center,2025-09-11
user_73,10aea0d9,Music,Fiserv Forum,2025-08-23
user_73,64dce38e,Music,Turner Hall Ballroom,2025-10-20
user_73,dea4901a,Cultural,Marcus Performing Arts Center,2025-08-24
user_73,ff0805a2,Food,Turner Hall Ballroom,2025-09-15
user_73,e15b67f3,Cultural,Milwaukee Art Museum,2025-08-23
user_73,b41b5c31,Education,Marcus Performing Arts Center,2025-09-05
user_73,f54e8018,Cultural,Turner Hall Ballroom,2025-08-31
user_73,1271bd2b,Sports,Discovery World,2025-08-28
user_73,da8d46c2,Sports,Potawatomi Hotel,2025-10-01
user_74,1271bd2b,Sports,Discovery World,2025-08-28
user_74,1e60274b,Music,Pabst Theater,2025-10-21
user_74,da8d46c2,Sports,Potawatomi Hotel,2025-10-01
user_74,093e51c0,Education,UWM Campus,2025-09-05
user_74,bf8f64a4,Sports,Bradley Symphony Center,2025-10-14
user_74,ff0805a2,Food,Turner Hall Ballroom,2025-09-15
user_74,ac8fde00,Family,Marcus Performing Arts Center,2025-10-02
user_74,10aea0d9,Music,Fiserv Forum,2025-08-23
user_74,b80a50fd,Cultural,Milwaukee Art Museum,2025-09-07
user_75,a6046adc,Art,Potawatomi Hotel,2025-09-21
user_75,2325bad0,Tech,Pabst Theater,2025-10-20
user_75,b3489482,Food,Potawatomi Hotel,2025-10-10
user_75,27ff6b60,Music,Lakefront Brewery,2025-09-25
user_75,a5611210,Comedy,Pabst Theater,2025-10-15
user_75,a6928e61,Comedy,Bradley Symphony Center,2025-10-06
user_75,f473d3b9,Tech,Pabst Theater,2025-09-15
user_75,10aea0d9,Music,Fiserv Forum,2025-08-23
user_75,4ddc2ec3,Education,Potawatomi Hotel,2025-09-08
user_76,7f74f1d5,Comedy,Lakefront Brewery,2025-08-23
user_76,ccee7a29,Cultural,Bradley Symphony Center,2025-10-06
user_76,24fd440b,Sports,Fiserv Forum,2025-10-02
user_76,2e714ee1,Family,Milwaukee Art Museum,2025-09-26
user_76,b3489482,Food,Potawatomi Hotel,2025-10-10
user_76,f562c5a2,Business,Lakefront Brewery,2025-08-29
user_76,62974111,Tech,Fiserv Forum,2025-09-02
user_76,3b1df2f8,Business,Discovery World,2025-09-04
user_76,a6046adc,Art,Potawatomi Hotel,2025-09-21
user_76,a8786bb1,Cultural,Discovery World,2025-10-16
user_76,d04c6a8a,Comedy,Discovery World,2025-10-04
user_76,27ff6b60,Music,Lakefront Brewery,2025-09-25
user_76,eb2fa07c,Sports,Turner Hall Ballroom,2025-09-19
user_76,5166d5a9,Comedy,Milwaukee Art Museum,2025-10-20
user_77,e1d7c0a6,Business,Turner Hall Ballroom,2025-10-06
user_77,3d640e88,Tech,Pabst Theater,2025-09-11
user_77,a6aee4a6,Comedy,Potawatomi Hotel,2025-09-11
user_77,8eb4a213,Cultural,Potawatomi Hotel,2025-09-06
user_77,78a4c132,Food,UWM Campus,2025-09-23
user_77,825e2dbf,Art,Discovery World,2025-10-07
user_77,7173b7b8,Food,Potawatomi Hotel,2025-10-12
user_77,f31499a2,Art,Pabst Theater,2025-09-03
user_77,8ac1cffe,Music,Potawatomi Hotel,2025-09-05
user_77,c1dd8af6,Sports,Lakefront Brewery,2025-08-29
user_77,4a13235e,Sports,Discovery World,2025-09-09
user_77,e026bf43,Business,Potawatomi Hotel,2025-10-06
user_77,267fa7dc,Comedy,Pabst Theater,2025-09-27
user_77,f1b47354,Sports,Lakefront Brewery,2025-10-09
user_78,bf8f64a4,Sports,Bradley Symphony Center,2025-10-14
user_78,a19eddf6,Education,Pabst Theater,2025-09-22
user_78,22feb9b5,Education,Marcus Performing Arts Center,2025-09-15
user_78,8b4e0232,Family,Lakefront Brewery,2025-09-11
user_78,4bdc4fc5,Music,Milwaukee Art Museum,2025-09-20
user_78,8be98ba8,Comedy,Bradley Symphony Center,2025-09-25
user_78,2e714ee1,Family,Milwaukee Art Museum,2025-09-26
user_78,d481c772,Business,Discovery World,2025-09-14
user_78,6e1a10c0,Tech,Milwaukee Art Museum,2025-09-07
user_78,0c38527d,Music,Milwaukee Art Museum,2025-10-07
user_78,0d348660,Education,UWM Campus,2025-09-01
user_78,2325bad0,Tech,Pabst Theater,2025-10-20
user_78,caee1459,Comedy,Pabst Theater,2025-10-03
user_78,85828a49,Education,Marcus Performing Arts Center,2025-09-25
user_79,d22cce37,Food,Potawatomi Hotel,2025-09-10
user_79,22f48463,Music,Marcus Performing Arts Center,2025-10-06
user_79,26d32d47,Cultural,Potawatomi Hotel,2025-09-08
user_79,d481c772,Business,Discovery World,2025-09-14
user_79,ca9be5c9,Sports,Bradley Symphony Center,2025-09-08
user_79,2cb375bf,Sports,Marcus Performing Arts Center,2025-10-12
user_79,b16a3236,Cultural,Fiserv Forum,2025-10-13
user_79,7f74f1d5,Comedy,Lakefront Brewery,2025-08-23
user_79,20f9f129,Art,Marcus Performing Arts Center,2025-10-07
user_79,d99a1049,Comedy,Fiserv Forum,2025-10-21
user_79,0d348660,Education,UWM Campus,2025-09-01
user_79,dea4901a,Cultural,Marcus Performing Arts Center,2025-08-24
user_79,ebe60d00,Tech,Lakefront Brewery,2025-09-29
user_79,9b198537,Family,UWM Campus,2025-09-05
user_79,27ff6b60,Music,Lakefront Brewery,2025-09-25
user_80,22feb9b5,Education,Marcus Performing Arts Center,2025-09-15
user_80,a918a207,Education,Turner Hall Ballroom,2025-09-21
user_80,9451ca8d,Art,Pabst Theater,2025-09-12
user_80,b3489482,Food,Potawatomi Hotel,2025-10-10
user_80,c1dd8af6,Sports,Lakefront Brewery,2025-08-29
user_80,a5611210,Comedy,Pabst Theater,2025-10-15
user_80,beb7a8dc,Sports,Milwaukee Art Museum,2025-09-11
user_80,d156fe41,Comedy,Marcus Performing Arts Center,2025-10-09
user_80,fab2269f,Sports,Pabst Theater,2025-09-29
user_80,3a3765a0,Music,Lakefront Brewery,2025-09-10
user_80,f4b5cdb0,Education,Marcus Performing Arts Center,2025-09-26
user_80,a6aee4a6,Comedy,Potawatomi Hotel,2025-09-11
user_81,a2af0c82,Education,UWM Campus,2025-09-23
user_81,afc47337,Family,Milwaukee Art Museum,2025-08-29
user_81,0ab3d9f5,Art,Marcus Performing Arts Center,2025-08-28
user_81,65fe0bc3,Food,Milwaukee Art Museum,2025-08-25
user_81,9aab6758,Sports,Bradley Symphony Center,2025-10-14
user_81,17887053,Music,Potawatomi Hotel,2025-09-09
user_81,91e79771,Art,Turner Hall Ballroom,2025-09-28
user_82,aac63ed9,Family,Fiserv Forum,2025-09-26
user_82,b2f52bf1,Cultural,UWM Campus,2025-10-19
user_82,f4b5cdb0,Education,Marcus Performing Arts Center,2025-09-26
user_82,a2af0c82,Education,UWM Campus,2025-09-23
user_82,6c1fadfb,Cultural,Pabst Theater,2025-10-08
user_82,11a67b91,Family,Discovery World,2025-10-18
user_82,6007e969,Art,Turner Hall Ballroom,2025-10-08
user_82,b80a50fd,Cultural,Milwaukee Art Museum,2025-09-07
user_83,64266ccb,Art,Bradley Symphony Center,2025-09-26
user_83,a6046adc,Art,Potawatomi Hotel,2025-09-21
user_83,da8d46c2,Sports,Potawatomi Hotel,2025-10-01
user_83,0b51de8f,Education,Bradley Symphony Center,2025-08-28
user_83,0d348660,Education,UWM Campus,2025-09-01
user_83,66e4e7a5,Cultural,Fiserv Forum,2025-10-14
user_83,22f48463,Music,Marcus Performing Arts Center,2025-10-06
user_83,afc47337,Family,Milwaukee Art Museum,2025-08-29
user_83,ba0ed8d2,Music,Potawatomi Hotel,2025-08-27
user_83,cf120ec3,Education,Potawatomi Hotel,2025-08-29
user_83,f562c5a2,Business,Lakefront Brewery,2025-08-29
user_83,6fa8c417,Art,Milwaukee Art Museum,2025-08-29
user_84,4a13235e,Sports,Discovery World,2025-09-09
user_84,9b198537,Family,UWM Campus,2025-09-05
user_84,02d1a050,Cultural,Discovery World,2025-09-29
user_84,64266ccb,Art,Bradley Symphony Center,2025-09-26
user_84,ac99fb0a,Cultural,Marcus Performing Arts Center,2025-10-01
user_84,898a2e1f,Family,Bradley Symphony Center,2025-10-09
user_84,e6ba51a7,Business,Marcus Performing Arts Center,2025-09-15
user_84,a94ca016,Comedy,Turner Hall Ballroom,2025-09-02
user_84,6007e969,Art,Turner Hall Ballroom,2025-10-08
user_84,eb2fa07c,Sports,Turner Hall Ballroom,2025-09-19
user_84,071355f4,Tech,Discovery World,2025-09-14
user_85,e15b67f3,Cultural,Milwaukee Art Museum,2025-08-23
user_85,66e4e7a5,Cultural,Fiserv Forum,2025-10-14
user_85,da8d46c2,Sports,Potawatomi Hotel,2025-10-01
user_85,7173b7b8,Food,Potawatomi Hotel,2025-10-12
user_85,08519f6e,Sports,Turner Hall Ballroom,2025-10-13
user_85,64dce38e,Music,Turner Hall Ballroom,2025-10-20
user_85,02d1a050,Cultural,Discovery World,2025-09-29
user_85,071355f4,Tech,Discovery World,2025-09-14
user_85,978c46b9,Business,Fiserv Forum,2025-09-25
user_85,1c7c5006,Cultural,UWM Campus,2025-09-06
user_85,825e2dbf,Art,Discovery World,2025-10-07
user_85,1c60cacb,Sports,Lakefront Brewery,2025-10-10
user_85,fab2269f,Sports,Pabst Theater,2025-09-29
user_86,ef0ea2e6,Food,Fiserv Forum,2025-10-11
user_86,939b4746,Sports,Marcus Performing Arts Center,2025-09-08
user_86,8eb4a213,Cultural,Potawatomi Hotel,2025-09-06
user_86,9b198537,Family,UWM Campus,2025-09-05
user_86,f479b469,Education,Potawatomi Hotel,2025-09-22
user_87,5af28a48,Education,Fiserv Forum,2025-09-12
user_87,e026bf43,Business,Potawatomi Hotel,2025-10-06
user_87,412cdfc1,Art,Pabst Theater,2025-09-12
user_87,b80a50fd,Cultural,Milwaukee Art Museum,2025-09-07
user_87,08519f6e,Sports,Turner Hall Ballroom,2025-10-13
user_87,f1b47354,Sports,Lakefront Brewery,2025-10-09
user_87,5d3d053d,Tech,Marcus Performing Arts Center,2025-10-14
user_88,ab0c1e67,Business,Discovery World,2025-10-15
user_88,b80a50fd,Cultural,Milwaukee Art Museum,2025-09-07
user_88,caee1459,Comedy,Pabst Theater,2025-10-03
user_88,61a5e0c4,Business,Marcus Performing Arts Center,2025-09-22
user_88,d481c772,Business,Discovery World,2025-09-14
user_88,f5cbdaaa,Business,Milwaukee Art Museum,2025-09-19
user_88,071355f4,Tech,Discovery World,2025-09-14
user_88,bf6e25f1,Sports,Potawatomi Hotel,2025-09-25
user_89,20f9f129,Art,Marcus Performing Arts Center,2025-10-07
user_89,beb7a8dc,Sports,Milwaukee Art Museum,2025-09-11
user_89,7f74f1d5,Comedy,Lakefront Brewery,2025-08-23
user_89,2cb375bf,Sports,Marcus Performing Arts Center,2025-10-12
user_89,ad89ab63,Family,Marcus Performing Arts Center,2025-08-26
user_89,14aaff82,Education,Potawatomi Hotel,2025-10-09
user_89,94c4ab81,Family,Lakefront Brewery,2025-10-17
user_89,2f3cc699,Food,Lakefront Brewery,2025-09-26
user_89,08519f6e,Sports,Turner Hall Ballroom,2025-10-13
user_89,13457cdb,Art,Fiserv Forum,2025-08-28
user_89,bdabe71e,Food,Discovery World,2025-09-15
user_89,b3489482,Food,Potawatomi Hotel,2025-10-10
user_89,f5cbdaaa,Business,Milwaukee Art Museum,2025-09-19
user_89,be301a46,Business,Turner Hall Ballroom,2025-09-12
user_90,cf120ec3,Education,Potawatomi Hotel,2025-08-29
user_90,c4909261,Cultural,Marcus Performing Arts Center,2025-10-12
user_90,b80a50fd,Cultural,Milwaukee Art Museum,2025-09-07
user_90,2213d3b2,Music,Fiserv Forum,2025-08-23
user_90,e1d7c0a6,Business,Turner Hall Ballroom,2025-10-06
user_90,8be98ba8,Comedy,Bradley Symphony Center,2025-09-25
user_90,ac8fde00,Family,Marcus Performing Arts Center,2025-10-02
user_90,869cd58e,Business,Fiserv Forum,2025-09-04
user_90,4a13235e,Sports,Discovery World,2025-09-09
user_90,a918a207,Education,Turner Hall Ballroom,2025-09-21
user_90,955afe1a,Food,Discovery World,2025-10-09
user_90,0d117d63,Education,UWM Campus,2025-09-01
user_91,ca9be5c9,Sports,Bradley Symphony Center,2025-09-08
user_91,7173b7b8,Food,Potawatomi Hotel,2025-10-12
user_91,f54db50f,Music,UWM Campus,2025-10-17
user_91,85828a49,Education,Marcus Performing Arts Center,2025-09-25
user_91,1ffeea44,Cultural,Pabst Theater,2025-09-21
user_91,f479b469,Education,Potawatomi Hotel,2025-09-22
user_91,d06cafc5,Sports,Fiserv Forum,2025-10-11
user_91,412cdfc1,Art,Pabst Theater,2025-09-12
user_91,9f14c25b,Business,Pabst Theater,2025-10-17
user_91,67592653,Business,Fiserv Forum,2025-10-14
user_91,f4b5cdb0,Education,Marcus Performing Arts Center,2025-09-26
user_91,d01d9e7f,Art,Pabst Theater,2025-08-30
user_92,104fd71a,Tech,Lakefront Brewery,2025-10-01
user_92,20f9f129,Art,Marcus Performing Arts Center,2025-10-07
user_92,ef0ea2e6,Food,Fiserv Forum,2025-10-11
user_92,6007e969,Art,Turner Hall Ballroom,2025-10-08
user_92,2f3cc699,Food,Lakefront Brewery,2025-09-26
user_93,8669ff81,Cultural,Fiserv Forum,2025-09-29
user_93,22f48463,Music,Marcus Performing Arts Center,2025-10-06
user_93,44e4cc3b,Sports,Fiserv Forum,2025-10-11
user_93,3a3765a0,Music,Lakefront Brewery,2025-09-10
user_93,d99a1049,Comedy,Fiserv Forum,2025-10-21
user_93,4ac74a7e,Sports,Discovery World,2025-09-30
user_93,e026bf43,Business,Potawatomi Hotel,2025-10-06
user_93,3ff76ad4,Education,Marcus Performing Arts Center,2025-10-15
user_93,1c021398,Sports,Discovery World,2025-09-17
user_93,a8786bb1,Cultural,Discovery World,2025-10-16
user_93,40670d79,Food,Pabst Theater,2025-09-18
user_93,898a2e1f,Family,Bradley Symphony Center,2025-10-09
user_93,9b198537,Family,UWM Campus,2025-09-05
user_93,bb9d1d7c,Art,Lakefront Brewery,2025-09-26
user_93,6fa8c417,Art,Milwaukee Art Museum,2025-08-29
user_94,91e79771,Art,Turner Hall Ballroom,2025-09-28
user_94,ddd69f43,Sports,Marcus Performing Arts Center,2025-09-11
user_94,dc55157d,Cultural,Fiserv Forum,2025-10-18
user_94,0b51de8f,Education,Bradley Symphony Center,2025-08-28
user_94,8ec34c70,Sports,Milwaukee Art Museum,2025-09-11
user_94,7f74f1d5,Comedy,Lakefront Brewery,2025-08-23
user_94,c4909261,Cultural,Marcus Performing Arts Center,2025-10-12
user_94,05223a26,Cultural,Lakefront Brewery,2025-10-10
user_94,a927e590,Comedy,Turner Hall Ballroom,2025-10-08
user_94,c3f165df,Family,Turner Hall Ballroom,2025-09-12
user_94,dea4901a,Cultural,Marcus Performing Arts Center,2025-08-24
user_95,939b4746,Sports,Marcus Performing Arts Center,2025-09-08
user_95,bb9d1d7c,Art,Lakefront Brewery,2025-09-26
user_95,27ff6b60,Music,Lakefront Brewery,2025-09-25
user_95,ff0805a2,Food,Turner Hall Ballroom,2025-09-15
user_95,dc55157d,Cultural,Fiserv Forum,2025-10-18
user_95,caee1459,Comedy,Pabst Theater,2025-10-03
user_95,978c46b9,Business,Fiserv Forum,2025-09-25
user_95,962cae12,Food,Fiserv Forum,2025-09-14
user_95,22f48463,Music,Marcus Performing Arts Center,2025-10-06
user_95,42530f35,Cultural,Bradley Symphony Center,2025-10-01
user_95,62974111,Tech,Fiserv Forum,2025-09-02
user_96,d22cce37,Food,Potawatomi Hotel,2025-09-10
user_96,3ff76ad4,Education,Marcus Performing Arts Center,2025-10-15
user_96,ad89ab63,Family,Marcus Performing Arts Center,2025-08-26
user_96,c4909261,Cultural,Marcus Performing Arts Center,2025-10-12
user_96,d06cafc5,Sports,Fiserv Forum,2025-10-11
user_96,01771a7d,Sports,Fiserv Forum,2025-08-24
user_96,574a3cb1,Sports,Turner Hall Ballroom,2025-09-04
user_96,1ffeea44,Cultural,Pabst Theater,2025-09-21
user_96,1c021398,Sports,Discovery World,2025-09-17
user_96,e026bf43,Business,Potawatomi Hotel,2025-10-06
user_96,02d1a050,Cultural,Discovery World,2025-09-29
user_96,f4b5cdb0,Education,Marcus Performing Arts Center,2025-09-26
user_96,05d0020e,Comedy,Potawatomi Hotel,2025-08-25
user_96,81bd7bc2,Cultural,Marcus Performing Arts Center,2025-10-11
user_97,ebe60d00,Tech,Lakefront Brewery,2025-09-29
user_97,b2f52bf1,Cultural,UWM Campus,2025-10-19
user_97,a6046adc,Art,Potawatomi Hotel,2025-09-21
user_97,071355f4,Tech,Discovery World,2025-09-14
user_97,61a5e0c4,Business,Marcus Performing Arts Center,2025-09-22
user_98,b2f52bf1,Cultural,UWM Campus,2025-10-19
user_98,8b4e0232,Family,Lakefront Brewery,2025-09-11
user_98,a94ca016,Comedy,Turner Hall Ballroom,2025-09-02
user_98,978c46b9,Business,Fiserv Forum,2025-09-25
user_98,67592653,Business,Fiserv Forum,2025-10-14
user_98,24fd440b,Sports,Fiserv Forum,2025-10-02
user_98,233ceae0,Sports,Lakefront Brewery,2025-08-31
user_98,f4b5cdb0,Education,Marcus Performing Arts Center,2025-09-26
user_99,b16a3236,Cultural,Fiserv Forum,2025-10-13
user_99,955afe1a,Food,Discovery World,2025-10-09
user_99,c6672143,Cultural,Bradley Symphony Center,2025-10-01
user_99,00245598,Music,Pabst Theater,2025-08-23
user_99,64266ccb,Art,Bradley Symphony Center,2025-09-26
user_99,5af28a48,Education,Fiserv Forum,2025-09-12
user_100,8b4e0232,Family,Lakefront Brewery,2025-09-11
user_100,f8d945a0,Education,Lakefront Brewery,2025-10-10
user_100,6e1a10c0,Tech,Milwaukee Art Museum,2025-09-07
user_100,c6672143,Cultural,Bradley Symphony Center,2025-10-01
user_100,be301a46,Business,Turner Hall Ballroom,2025-09-12
user_100,9bdd3eaa,Comedy,Fiserv Forum,2025-09-02
user_100,a927e590,Comedy,Turner Hall Ballroom,2025-10-08
user_100,3ff76ad4,Education,Marcus Performing Arts Center,2025-10-15
user_100,bdabe71e,Food,Discovery World,2025-09-15
user_100,9451ca8d,Art,Pabst Theater,2025-09-12
user_100,ff0805a2,Food,Turner Hall Ballroom,2025-09-15
user_100,d578b69f,Business,Lakefront Brewery,2025-10-09
user_100,afc47337,Family,Milwaukee Art Museum,2025-08-29
user_100,e15b67f3,Cultural,Milwaukee Art Museum,2025-08-23
user_100,c0448ab1,Education,UWM Campus,2025-08-30
